person_1,person_2,contact_type,contact_hours
P01,P02,close classroom contact,1.7
P01,P03,close classroom contact,2.3
P01,P04,close classroom contact,2.3
P01,P05,close classroom contact,2.8
P02,P06,shared classroom,1.2
P02,P07,shared classroom,1.4
P03,P08,shared classroom,2.1
P03,P09,shared classroom,2.0
P04,P10,shared classroom,2.4
P04,P11,shared classroom,2.0
P05,P12,shared classroom,2.3
P05,P13,shared classroom,2.4
P06,P14,shared classroom,2.4
P07,P15,shared classroom,2.1
P08,P16,shared classroom,1.4
P09,P17,shared classroom,2.1
P10,P18,shared classroom,1.2
P11,P19,shared classroom,2.5
P12,P20,shared classroom,1.8
P13,P21,shared classroom,2.5
P14,P22,shared classroom,2.2
P15,P23,shared classroom,2.2
P16,P24,shared classroom,1.4
P17,P25,shared classroom,1.5
P18,P26,shared classroom,2.8
P19,P27,shared classroom,2.7
P20,P28,shared classroom,2.4
P08,P29,lunch contact,1.5
P12,P30,art class,1.1
P17,P31,lunch contact,0.7
P21,P32,art class,0.9
P24,P33,lunch contact,1.1
P29,P34,shared classroom,1.5
P29,P35,shared classroom,1.7
P30,P36,shared classroom,2.4
P30,P37,shared classroom,2.1
P31,P38,shared classroom,1.9
P31,P39,shared classroom,1.0
P32,P40,shared classroom,2.1
P32,P41,shared classroom,1.6
P33,P42,shared classroom,1.7
P33,P43,shared classroom,1.6
P34,P44,shared classroom,1.9
P35,P45,shared classroom,1.8
P36,P46,shared classroom,1.2
P37,P47,shared classroom,1.8
P38,P48,shared classroom,2.2
P40,P49,hockey training,1.5
P41,P50,hockey training,1.4
P42,P51,hockey training,1.9
P43,P52,hockey training,1.1
P49,P53,hockey training,1.3
P50,P54,hockey training,1.9
P51,P55,hockey training,1.4
P52,P56,hockey training,1.4
P45,P53,swimming practice,0.8
P46,P54,swimming practice,1.1
P06,P08,shared classroom,0.7
P10,P12,shared classroom,0.6
P14,P16,shared classroom,1.4
P18,P20,shared classroom,1.7
P22,P24,shared classroom,0.6
P26,P28,shared classroom,1.3
P34,P36,shared classroom,1.1
P38,P40,shared classroom,1.1
P42,P44,shared classroom,0.8
P46,P48,shared classroom,1.7
P53,P55,hockey training,1.3
P54,P56,hockey training,1.1
P02,P72,exposed school contact,0.9
P04,P73,exposed school contact,1.4
P06,P74,exposed school contact,1.5
P08,P75,exposed school contact,1.0
P10,P76,exposed school contact,1.0
P12,P77,exposed school contact,1.1
P14,P78,exposed school contact,0.7
P16,P79,exposed school contact,1.3
P18,P80,exposed school contact,1.0
P20,P81,exposed school contact,0.9
P22,P82,exposed school contact,1.4
P24,P83,exposed school contact,0.9
P26,P84,exposed school contact,0.7
P28,P85,exposed school contact,0.7
P30,P86,exposed school contact,0.4
P32,P87,exposed school contact,1.1
P34,P88,exposed school contact,1.1
P36,P89,exposed school contact,0.9
P38,P90,exposed school contact,1.0
P40,P91,exposed school contact,0.9
P42,P92,exposed school contact,1.4
P49,P93,exposed school contact,0.7
P51,P94,exposed school contact,0.9
P54,P95,exposed school contact,1.0
